-- phpMyAdmin SQL Dump
-- version 5.1.0
-- https://www.phpmyadmin.net/
--
-- Host: 127.0.0.1
-- Generation Time: Jul 01, 2021 at 06:58 PM
-- Server version: 10.4.18-MariaDB
-- PHP Version: 8.0.3

SET SQL_MODE = "NO_AUTO_VALUE_ON_ZERO";
START TRANSACTION;
SET time_zone = "+00:00";


/*!40101 SET @OLD_CHARACTER_SET_CLIENT=@@CHARACTER_SET_CLIENT */;
/*!40101 SET @OLD_CHARACTER_SET_RESULTS=@@CHARACTER_SET_RESULTS */;
/*!40101 SET @OLD_COLLATION_CONNECTION=@@COLLATION_CONNECTION */;
/*!40101 SET NAMES utf8mb4 */;

--
-- Database: `musicplayer`
--

-- --------------------------------------------------------

--
-- Table structure for table `album`
--

CREATE TABLE `album` (
  `albumid` decimal(10,0) NOT NULL,
  `albumname` varchar(30) DEFAULT NULL,
  `artistid` decimal(10,0) NOT NULL,
  `coverart` varchar(400) DEFAULT NULL
) ENGINE=InnoDB DEFAULT CHARSET=utf8mb4;

--
-- Dumping data for table `album`
--

INSERT INTO `album` (`albumid`, `albumname`, `artistid`, `coverart`) VALUES
('1', 'Bacon and Eggs', '2', 'assets/images/artwork/clearday.jpg'),
('2', 'Pizza head', '5', 'assets/images/artwork/energy.jpg'),
('3', 'Summer Hits', '3', 'assets/images/artwork/goinghigher.jpg'),
('4', 'The movie soundtrack', '2', 'assets/images/artwork/funkyelement.jpg'),
('5', 'Best of the Worst', '1', 'assets/images/artwork/popdance.jpg'),
('6', 'Hello World', '3', 'assets/images/artwork/ukulele.jpg'),
('7', 'Best beats', '4', 'assets/images/artwork/sweet.jpg');

-- --------------------------------------------------------

--
-- Table structure for table `artist`
--

CREATE TABLE `artist` (
  `artistid` decimal(10,0) NOT NULL,
  `artistname` varchar(30) DEFAULT NULL,
  `country` varchar(30) DEFAULT NULL,
  `followers` decimal(10,0) DEFAULT NULL
) ENGINE=InnoDB DEFAULT CHARSET=utf8mb4;

--
-- Dumping data for table `artist`
--

INSERT INTO `artist` (`artistid`, `artistname`, `country`, `followers`) VALUES
('1', 'Mickey', 'USA', '350'),
('2', 'Goofy', 'UK', '400'),
('3', 'Jackson', 'UAE', '900'),
('4', 'Swift', 'USA', '800'),
('5', 'Atif', 'PAK', '500');

-- --------------------------------------------------------

--
-- Table structure for table `playlists`
--

CREATE TABLE `playlists` (
  `playlistid` int(11) NOT NULL,
  `playlistname` varchar(30) DEFAULT NULL,
  `userid` decimal(10,0) NOT NULL
) ENGINE=InnoDB DEFAULT CHARSET=utf8mb4;

--
-- Dumping data for table `playlists`
--

INSERT INTO `playlists` (`playlistid`, `playlistname`, `userid`) VALUES
(3, 'Liked', '12'),
(24, 'testAdded', '12');

-- --------------------------------------------------------

--
-- Table structure for table `playlistsongs`
--

CREATE TABLE `playlistsongs` (
  `p_songsid` int(11) NOT NULL,
  `songid` int(11) NOT NULL,
  `playlistid` int(11) NOT NULL
) ENGINE=InnoDB DEFAULT CHARSET=utf8mb4;

--
-- Dumping data for table `playlistsongs`
--

INSERT INTO `playlistsongs` (`p_songsid`, `songid`, `playlistid`) VALUES
(81, 7, 3),
(83, 28, 24);

-- --------------------------------------------------------

--
-- Table structure for table `songs`
--

CREATE TABLE `songs` (
  `songsid` decimal(10,0) NOT NULL,
  `title` varchar(30) DEFAULT NULL,
  `artistid` decimal(10,0) NOT NULL,
  `albumid` decimal(10,0) NOT NULL,
  `duration` time DEFAULT NULL,
  `genre` varchar(20) DEFAULT NULL,
  `likes` decimal(10,0) DEFAULT NULL,
  `songpath` varchar(400) DEFAULT NULL
) ENGINE=InnoDB DEFAULT CHARSET=utf8mb4;

--
-- Dumping data for table `songs`
--

INSERT INTO `songs` (`songsid`, `title`, `artistid`, `albumid`, `duration`, `genre`, `likes`, `songpath`) VALUES
('1', 'Acoustic Breeze', '1', '5', '00:02:37', 'Pop', '2', 'assets/music/bensound-acousticbreeze.mp3'),
('2', 'A new beginning', '1', '5', '00:02:35', 'Pop', '1', 'assets/music/bensound-anewbeginning.mp3'),
('3', 'Better Days', '1', '5', '00:02:33', 'R&B', '1', 'assets/music/bensound-betterdays.mp3'),
('4', 'Buddy', '1', '5', '00:02:02', 'Funky', '1', 'assets/music/bensound-buddy.mp3'),
('5', 'Clear Day', '1', '5', '00:01:29', 'Country', '0', 'assets/music/bensound-clearday.mp3'),
('6', 'Going Higher', '2', '1', '00:04:04', 'Country', '1', 'assets/music/bensound-goinghigher.mp3'),
('7', 'Funny Song', '2', '4', '00:03:07', 'Funky', '7', 'assets/music/bensound-funnysong.mp3'),
('8', 'Funky Element', '2', '1', '00:03:08', 'Funky', '0', 'assets/music/bensound-funkyelement.mp3'),
('9', 'Extreme Action', '2', '1', '00:08:03', 'R&B', '0', 'assets/music/bensound-extremeaction.mp3'),
('10', 'Epic', '2', '4', '00:02:58', 'Pop', '1', 'assets/music/bensound-epic.mp3'),
('11', 'Energy', '2', '1', '00:02:59', 'Pop', '0', 'assets/music/bensound-energy.mp3'),
('12', 'Dubstep', '2', '1', '00:02:03', 'Hip Hop', '0', 'assets/music/bensound-dubstep.mp3'),
('13', 'Happiness', '3', '6', '00:04:21', 'Country', '0', 'assets/music/bensound-happiness.mp3'),
('14', 'Happy Rock', '3', '6', '00:01:45', 'Country', '0', 'assets/music/bensound-happyrock.mp3'),
('15', 'Frenchy', '3', '6', '00:01:44', 'Rock', '0', 'assets/music/bensound-jazzyfrenchy.mp3'),
('16', 'Little Idea', '3', '6', '00:02:49', 'R&B', '0', 'assets/music/bensound-littleidea.mp3'),
('17', 'Memories', '3', '6', '00:03:50', 'Country', '0', 'assets/music/bensound-memories.mp3'),
('18', 'Moose', '4', '7', '00:02:43', 'R&B', '0', 'assets/music/bensound-moose.mp3'),
('19', 'November', '4', '7', '00:03:32', 'Hip Hop', '0', 'assets/music/bensound-november.mp3'),
('20', 'Of Elias Dream', '4', '7', '00:04:58', 'Funky', '0', 'assets/music/bensound-ofeliasdream.mp3'),
('21', 'Pop Dance', '4', '7', '00:02:42', 'Pop', '0', 'assets/music/bensound-popdance.mp3'),
('22', 'Retro Soul', '4', '7', '00:03:36', 'Rock', '0', 'assets/music/bensound-retrosoul.mp3'),
('23', 'Sad Day', '5', '2', '00:02:28', 'Pop', '0', 'assets/music/bensound-sadday.mp3'),
('24', 'Sci-fi', '5', '2', '00:04:44', 'Hip Hop', '0', 'assets/music/bensound-scifi.mp3'),
('25', 'Slow Motion', '5', '2', '00:03:26', 'Pop', '0', 'assets/music/bensound-slowmotion.mp3'),
('26', 'Sunny', '5', '2', '00:02:20', 'Pop', '0', 'assets/music/bensound-sunny.mp3'),
('27', 'Sweet', '5', '2', '00:05:07', 'Country', '0', 'assets/music/bensound-sweet.mp3'),
('28', 'Tenderness ', '3', '3', '00:02:03', 'Hip Hop', '2', 'assets/music/bensound-tenderness.mp3'),
('29', 'The Lounge', '3', '3', '00:04:16', 'Rock', '0', 'assets/music/bensound-thelounge.mp3'),
('30', 'Ukulele', '3', '3', '00:02:26', 'Hip Hop', '0', 'assets/music/bensound-ukulele.mp3'),
('31', 'Tomorrow', '3', '3', '00:04:54', 'Pop', '0', 'assets/music/bensound-tomorrow.mp3');

-- --------------------------------------------------------

--
-- Table structure for table `users`
--

CREATE TABLE `users` (
  `userid` int(11) NOT NULL,
  `username` varchar(20) DEFAULT NULL,
  `firstname` varchar(20) DEFAULT NULL,
  `lastname` varchar(20) DEFAULT NULL,
  `email` varchar(30) DEFAULT NULL,
  `accountpassword` varchar(40) DEFAULT NULL,
  `country` varchar(30) DEFAULT NULL,
  `profilepicture` varchar(400) DEFAULT NULL
) ENGINE=InnoDB DEFAULT CHARSET=utf8mb4;

--
-- Dumping data for table `users`
--

INSERT INTO `users` (`userid`, `username`, `firstname`, `lastname`, `email`, `accountpassword`, `country`, `profilepicture`) VALUES
(12, 'ahmadsheraz', 'Ahmad', 'Sheraz', 'ahmadsheraz591@gmail.com', 'e807f1fcf82d132f9bb018ca6738a19f', 'Pakistan', 'assets/images/profile-pics/head_emerald.png');

--
-- Indexes for dumped tables
--

--
-- Indexes for table `album`
--
ALTER TABLE `album`
  ADD PRIMARY KEY (`albumid`),
  ADD KEY `artistid` (`artistid`);

--
-- Indexes for table `artist`
--
ALTER TABLE `artist`
  ADD PRIMARY KEY (`artistid`);

--
-- Indexes for table `playlists`
--
ALTER TABLE `playlists`
  ADD PRIMARY KEY (`playlistid`);

--
-- Indexes for table `playlistsongs`
--
ALTER TABLE `playlistsongs`
  ADD PRIMARY KEY (`p_songsid`);

--
-- Indexes for table `songs`
--
ALTER TABLE `songs`
  ADD PRIMARY KEY (`songsid`),
  ADD KEY `artistid` (`artistid`),
  ADD KEY `albumid` (`albumid`);

--
-- Indexes for table `users`
--
ALTER TABLE `users`
  ADD PRIMARY KEY (`userid`);

--
-- AUTO_INCREMENT for dumped tables
--

--
-- AUTO_INCREMENT for table `playlists`
--
ALTER TABLE `playlists`
  MODIFY `playlistid` int(11) NOT NULL AUTO_INCREMENT, AUTO_INCREMENT=25;

--
-- AUTO_INCREMENT for table `playlistsongs`
--
ALTER TABLE `playlistsongs`
  MODIFY `p_songsid` int(11) NOT NULL AUTO_INCREMENT, AUTO_INCREMENT=84;

--
-- AUTO_INCREMENT for table `users`
--
ALTER TABLE `users`
  MODIFY `userid` int(11) NOT NULL AUTO_INCREMENT, AUTO_INCREMENT=13;

--
-- Constraints for dumped tables
--

--
-- Constraints for table `album`
--
ALTER TABLE `album`
  ADD CONSTRAINT `album_ibfk_1` FOREIGN KEY (`artistid`) REFERENCES `artist` (`artistid`);

--
-- Constraints for table `songs`
--
ALTER TABLE `songs`
  ADD CONSTRAINT `songs_ibfk_1` FOREIGN KEY (`artistid`) REFERENCES `artist` (`artistid`),
  ADD CONSTRAINT `songs_ibfk_2` FOREIGN KEY (`albumid`) REFERENCES `album` (`albumid`);
COMMIT;

/*!40101 SET CHARACTER_SET_CLIENT=@OLD_CHARACTER_SET_CLIENT */;
/*!40101 SET CHARACTER_SET_RESULTS=@OLD_CHARACTER_SET_RESULTS */;
/*!40101 SET COLLATION_CONNECTION=@OLD_COLLATION_CONNECTION */;
